<?xml version="1.0"?>
<!--
/**
 * Jefferson Porto
 *
 * Do not edit this file if you want to update this module for future new versions.
 *
 * @category  Az2009
 * @package   Az2009_Rede
 *
 * @copyright Copyright (c) 2018 Jefferson Porto - (https://www.linkedin.com/in/jeffersonbatistaporto/)
 *
 * @author    Jefferson Porto <jefferson.b.porto@gmail.com>
 */
-->
<config xmlns:xsi="http://www.w3.org/2001/XMLSchema-instance" xsi:noNamespaceSchemaLocation="urn:magento:framework:ObjectManager/etc/config.xsd">
    <type name="Magento\Checkout\Model\CompositeConfigProvider">
        <arguments>
            <argument name="configProviders" xsi:type="array">
                <item name="az2009_rede" xsi:type="object">Az2009\Rede\Model\RedeConfigProvider</item>
            </argument>
        </arguments>
    </type>
    <type name="Magento\Sales\Model\Order">
        <plugin name="get_status_label" type="Az2009\Rede\Plugin\Sales\Model\Order" sortOrder="1"/>
    </type>
</config>
