<?xml version="1.0"?>
<!--
/**
 * Jefferson Porto
 *
 * Do not edit this file if you want to update this module for future new versions.
 *
 * @category  Az2009
 * @package   Az2009_Cielo
 *
 * @copyright Copyright (c) 2018 Jefferson Porto - (https://www.linkedin.com/in/jeffersonbatistaporto/)
 *
 * @author    Jefferson Porto <jefferson.b.porto@gmail.com>
 */
-->
<config xmlns:xsi="http://www.w3.org/2001/XMLSchema-instance" xsi:noNamespaceSchemaLocation="urn:magento:framework:Event/etc/events.xsd">
    <event name="after_send_request_cielo">
        <observer name="az2009_cielo_cc_debug_after" instance="Az2009\Cielo\Observer\AfterSendRequestCielo" />
    </event>
    <event name="controller_action_predispatch_checkout_onepage_success">
        <observer name="load_order" instance="Az2009\Cielo\Observer\ActionPredispatchCheckoutOnepageSuccess" />
    </event>
    <event name="controller_action_predispatch_checkout_onepage_failure">
        <observer name="load_order" instance="Az2009\Cielo\Observer\ActionPredispatchCheckoutOnepageSuccess" />
    </event>
</config>