<?xml version="1.0"?>
<!--
/**
 * Jefferson Porto
 *
 * Do not edit this file if you want to update this module for future new versions.
 *
 * @category  Az2009
 * @package   Az2009_Rede
 *
 * @copyright Copyright (c) 2018 Jefferson Porto - (https://www.linkedin.com/in/jeffersonbatistaporto/)
 *
 * @author    Jefferson Porto <jefferson.b.porto@gmail.com>
 */
-->
<payment xmlns:xsi="http://www.w3.org/2001/XMLSchema-instance"
         xsi:noNamespaceSchemaLocation="urn:magento:module:Magento_Payment:etc/payment.xsd">
    <credit_cards>
        <type id="ELO" order="61">
            <label>Elo</label>
        </type>
        <type id="HIC" order="62">
            <label>Hipercard</label>
        </type>
    </credit_cards>
</payment>

