<?xml version="1.0"?>
<!--
/**
 * Jefferson Porto
 *
 * Do not edit this file if you want to update this module for future new versions.
 *
 * @category  Az2009
 * @package   Az2009_Rede
 *
 * @copyright Copyright (c) 2018 Jefferson Porto - (https://www.linkedin.com/in/jeffersonbatistaporto/)
 *
 * @author    Jefferson Porto <jefferson.b.porto@gmail.com>
 */
-->
<config xmlns:xsi="http://www.w3.org/2001/XMLSchema-instance" xsi:noNamespaceSchemaLocation="urn:magento:module:Magento_Config:etc/system_file.xsd">
    <system>
        <section id="payment" translate="label" type="text" sortOrder="3000" showInDefault="1" showInWebsite="1" showInStore="1">
            <group id="az2009_rede_core" translate="label" type="text" sortOrder="100" showInDefault="1" showInWebsite="1" showInStore="1">
                <label>Rede - Core</label>
                <field id="merchant_id" translate="label" type="text" sortOrder="20" showInDefault="1" showInWebsite="1" showInStore="1">
                    <label>PV</label>
                    <depends>
                        <field id="active">1</field>
                    </depends>
                </field>
                <field id="merchant_key" translate="label" type="text" sortOrder="30" showInDefault="1" showInWebsite="1" showInStore="1">
                    <label>Token</label>
                    <depends>
                        <field id="active">1</field>
                    </depends>
                </field>
                <field id="mode" translate="label" type="select" sortOrder="60" showInDefault="1" showInWebsite="1" showInStore="0" >
                    <label>Mode</label>
                    <source_model>Az2009\Rede\Model\Source\Mode</source_model>
                    <depends>
                        <field id="active">1</field>
                    </depends>
                </field>
                <field id="debug" translate="label" type="select" sortOrder="60" showInDefault="1" showInWebsite="1" showInStore="0" >
                    <label>Debug</label>
                    <source_model>Magento\Config\Model\Config\Source\Yesno</source_model>
                    <depends>
                        <field id="active">1</field>
                    </depends>
                </field>
            </group>
            <group id="az2009_rede" translate="label" type="text" sortOrder="120" showInDefault="1" showInWebsite="1" showInStore="1">
                <label>Rede - Credit Card</label>
                <field id="active" translate="label" type="select" sortOrder="10" showInDefault="1" showInWebsite="1" showInStore="1">
                    <label>Enable</label>
                    <source_model>Magento\Config\Model\Config\Source\Yesno</source_model>
                </field>
                <field id="title" translate="label" type="text" sortOrder="1" showInDefault="1" showInWebsite="1" showInStore="1">
                    <label>Title</label>
                    <depends>
                        <field id="active">1</field>
                    </depends>
                </field>
                <field id="billing_description" translate="label" type="text" sortOrder="10" showInDefault="1" showInWebsite="1" showInStore="1">
                    <label>Billing Description</label>
                    <depends>
                        <field id="active">1</field>
                    </depends>
                </field>
                <field id="payment_action" translate="label" type="select" sortOrder="20" showInDefault="1" showInWebsite="1" showInStore="1">
                    <label>Payment Action</label>
                    <source_model>Magento\Authorizenet\Model\Source\PaymentAction</source_model>
                    <depends>
                        <field id="active">1</field>
                    </depends>
                </field>
                <field id="cctypes" translate="label" type="multiselect" sortOrder="40" showInDefault="1" showInWebsite="1" showInStore="1">
                    <label>Credit Card Types</label>
                    <source_model>Az2009\Rede\Model\Source\Cctype</source_model>
                    <depends>
                        <field id="active">1</field>
                    </depends>
                </field>
                <field id="allowspecific" translate="label" type="allowspecific" sortOrder="70" showInDefault="1" showInWebsite="1" showInStore="0" >
                    <label>Payment from Applicable Countries</label>
                    <source_model>Magento\Payment\Model\Config\Source\Allspecificcountries</source_model>
                    <depends>
                        <field id="active">1</field>
                    </depends>
                </field>

                <field id="specificcountry" translate="label" type="multiselect" sortOrder="80" showInDefault="1" showInWebsite="1" showInStore="0">
                    <label>Payment from Specific Countries</label>
                    <source_model>Magento\Directory\Model\Config\Source\Country</source_model>
                    <depends>
                        <field id="active">1</field>
                        <field id="allowspecific">1</field>
                    </depends>
                </field>

                <field id="installments" translate="label" sortOrder="90" showInDefault="1" showInWebsite="1" showInStore="0" >
                    <label>Installment</label>
                    <frontend_model>Az2009\Rede\Block\Adminhtml\Form\Field\Installment</frontend_model>
                    <backend_model>Magento\Config\Model\Config\Backend\Serialized\ArraySerialized</backend_model>
                    <config_path>payment/az2009_rede/installments</config_path>
                    <depends>
                        <field id="active">1</field>
                    </depends>
                </field>
            </group>
            <group id="az2009_rede_dc" translate="label" type="text" sortOrder="140" showInDefault="1" showInWebsite="1" showInStore="1">
                <label>Rede - Debit Card</label>
                <field id="active" translate="label" type="select" sortOrder="10" showInDefault="1" showInWebsite="1" showInStore="1">
                    <label>Enable</label>
                    <source_model>Magento\Config\Model\Config\Source\Yesno</source_model>
                </field>
                <field id="title" translate="label" type="text" sortOrder="1" showInDefault="1" showInWebsite="1" showInStore="1">
                    <label>Title</label>
                    <depends>
                        <field id="active">1</field>
                    </depends>
                </field>
                <field id="cctypes" translate="label" type="multiselect" sortOrder="40" showInDefault="1" showInWebsite="1" showInStore="1">
                    <label>Debit Card Types</label>
                    <source_model>Az2009\Rede\Model\Source\Dctype</source_model>
                    <depends>
                        <field id="active">1</field>
                    </depends>
                </field>
                <field id="specificcountry" translate="label" type="multiselect" sortOrder="80" showInDefault="1" showInWebsite="1" showInStore="0">
                    <label>Payment from Specific Countries</label>
                    <source_model>Az2009\Rede\Model\Source\Country</source_model>
                    <depends>
                        <field id="active">1</field>
                    </depends>
                    <comment>Exclusive to Brazil</comment>
                </field>
            </group>
        </section>
    </system>
</config>